Metric,Value
Accuracy,0.7666666666666667
F1-Score,0.8239845261121856
ROC-AUC,0.826145613574423
